{"train_loss": 2.571905876927925, "_timestamp": 1679846621.8754292, "_runtime": 1421.0016090869904, "_step": 14833, "valid_loss": 0.0012888798776621213, "bleu": 14.521718594394576, "_wandb": {"runtime": 1419}}