{"train_loss": 1.3953480692940827, "_timestamp": 1679819045.991147, "_runtime": 1413.041358947754, "_step": 14833, "valid_loss": 3.7959285736083985, "bleu": 13.052802091276208, "_wandb": {"runtime": 1411}}