{"train_loss": 1.4489098358946315, "_timestamp": 1679817628.7501829, "_runtime": 1413.2530508041382, "_step": 14833, "valid_loss": 3.706898498535156, "bleu": 13.656658831847686, "_wandb": {"runtime": 1412}}