{"train_loss": 1.0847439155652159, "_timestamp": 1679838048.8475974, "_runtime": 1190.754768371582, "_step": 14832, "valid_loss": 0.00157108247483429, "_wandb": {"runtime": 1223}}