{"train_loss": 1.1903647378030697, "_timestamp": 1679789813.2831035, "_runtime": 1418.754415512085, "_step": 14821, "valid_loss": 2675.7415364583335, "bleu": 14.639334962202682, "_wandb": {"runtime": 1423}}