{"train_loss": 1.850224550724772, "_timestamp": 1679774193.7252612, "_runtime": 1412.926569223404, "_step": 14821, "valid_loss": 4158.996419270833, "bleu": 15.393797114806778, "_wandb": {"runtime": 1411}}