{"train_loss": 1.25716889274062, "_timestamp": 1679823304.9822295, "_runtime": 1421.4944264888763, "_step": 14833, "valid_loss": 4.117866897583008, "bleu": 12.89473250939979, "_wandb": {"runtime": 1420}}