{"train_loss": 3.5093276708253005, "_timestamp": 1679907429.836557, "_runtime": 1396.8439009189606, "_step": 14833, "valid_loss": 3.536360168457031, "bleu": 14.080675375615503, "_wandb": {"runtime": 1395}}