{"train_loss": 1.2609226408405012, "_timestamp": 1679870700.7011433, "_runtime": 1412.7859892845154, "_step": 14833, "valid_loss": 0.0018282739977869846, "bleu": 11.690675477086723, "_wandb": {"runtime": 1411}}