{"train_loss": 2.7325398127237954, "valid_loss": 6.347668170928955, "_timestamp": 1679669648.7347057, "_runtime": 1346.0280487537384, "_step": 3, "bleu": 14.196440361803358, "_wandb": {"runtime": 1552}}