{"train_loss": 2.3936253535666747, "valid_loss": 3.1287563868931363, "_timestamp": 1679563560.8954887, "_runtime": 3735.436673641205, "_step": 4, "bleu": 7.832178945859034, "_wandb": {"runtime": 3486}}