{"train_loss": 2.2096559336997625, "_timestamp": 1679923188.5477135, "_runtime": 1411.6236255168915, "_step": 14833, "valid_loss": 2.8273265838623045, "bleu": 15.712513340278614, "_wandb": {"runtime": 1410}}