{"train_loss": 2.9106923962813287, "_timestamp": 1679895532.8462155, "_runtime": 1410.2975535392761, "_step": 14833, "valid_loss": 2.8886505126953126, "bleu": 14.147286235304268, "_wandb": {"runtime": 1409}}