{"train_loss": 2.4080297488159674, "valid_loss": 3.311658041817801, "_timestamp": 1679415980.227486, "_runtime": 1497.7404379844666, "_step": 0, "_wandb": {"runtime": 1529}}