{"train_loss": 2.277698573984132, "_timestamp": 1679803488.3467088, "_runtime": 1414.9046938419342, "_step": 14833, "valid_loss": 2.824152183532715, "bleu": 13.909740676331552, "_wandb": {"runtime": 1413}}