{"train_loss": 1.5038681607314994, "_timestamp": 1679816212.6810844, "_runtime": 1412.6571214199066, "_step": 14833, "valid_loss": 3.6449169158935546, "bleu": 13.147100419496963, "_wandb": {"runtime": 1411}}