{"train_loss": 3.4517800891834396, "_timestamp": 1680016791.9354262, "_runtime": 2442.027630329132, "_step": 27332, "valid_loss": 3.2422721862792967, "bleu": 13.321759188710615, "_wandb": {"runtime": 2448}}