{"train_loss": 4.190172910796381, "_timestamp": 1679882794.8681624, "_runtime": 1419.9537353515625, "_step": 14833, "valid_loss": 3.848349761962891, "bleu": 15.088428005080633, "_wandb": {"runtime": 1418}}