{"train_loss": 2.2318389498832123, "_timestamp": 1679899925.9439423, "_runtime": 1423.1632652282715, "_step": 14833, "valid_loss": 2.73767147064209, "bleu": 14.904624539065333, "_wandb": {"runtime": 1422}}