{"train_loss": 2.0525256805668843, "_timestamp": 1679806330.357631, "_runtime": 1422.1427218914032, "_step": 14833, "valid_loss": 2.9641193389892577, "bleu": 15.921049705839025, "_wandb": {"runtime": 1420}}