{"train_loss": 2.5826600676129576, "_timestamp": 1679999346.3864872, "_runtime": 34.58138632774353, "_step": 164, "valid_loss": 3.032818603515625, "_wandb": {"runtime": 52}}