{"train_loss": 3.3414153139034433, "valid_loss": 3.2048228870738638, "_timestamp": 1679046109.640339, "_runtime": 3493.5231959819794, "_step": 12, "_wandb": {"runtime": 11268}}