{"train_loss": 11.559326171875, "_timestamp": 1680042209.00109, "_runtime": 22.640668153762817, "_step": 1, "_wandb": {"runtime": 265}}