{"train_loss": 1.5286106764441172, "_timestamp": 1680026632.4116266, "_runtime": 2417.9494864940643, "_step": 27332, "valid_loss": 3.614949035644531, "bleu": 13.444228934779394, "_wandb": {"runtime": 2416}}