{"train_loss": 3.429386261678778, "_timestamp": 1679889456.937007, "_runtime": 1416.1128270626068, "_step": 14833, "valid_loss": 3.650664520263672, "bleu": 15.87200403464856, "_wandb": {"runtime": 1414}}