{"train_loss": 1.1176537331087344, "_timestamp": 1679792948.6846867, "_runtime": 1414.1278476715088, "_step": 14821, "valid_loss": 3.354949951171875, "bleu": 13.747093850116173, "_wandb": {"runtime": 1417}}