{"train_loss": 2.722078973101735, "_timestamp": 1679845196.4314582, "_runtime": 1402.8944602012634, "_step": 14833, "valid_loss": 0.0012668807340732548, "bleu": 14.84423272213028, "_wandb": {"runtime": 1401}}