{"train_loss": 4.215209001464482, "_timestamp": 1679839590.8095112, "_runtime": 1421.7527191638947, "_step": 14833, "valid_loss": 0.0014129093028168536, "bleu": 13.852413810003707, "_wandb": {"runtime": 1420}}