{"train_loss": 1.959267344248165, "valid_loss": 3.805345916748047, "_timestamp": 1679755438.6680956, "_runtime": 1391.0533695220947, "_step": 3, "bleu": 15.587606789218334, "_wandb": {"runtime": 1986}}