{"train_loss": 3.4322187537632467, "valid_loss": 3.847064971923828, "_timestamp": 1679495497.451433, "_runtime": 2153.5962250232697, "_step": 3}