{"train_loss": 2.595131641146374, "_timestamp": 1679896955.4284, "_runtime": 1419.5100889205933, "_step": 14833, "valid_loss": 2.7600770950317384, "bleu": 14.594283093821362, "_wandb": {"runtime": 1540}}