{"train_loss": 2.0740291726141926, "_timestamp": 1679924607.6038756, "_runtime": 1415.2871856689453, "_step": 14833, "valid_loss": 2.9104053497314455, "bleu": 14.27661532720824, "_wandb": {"runtime": 1449}}