{"train_loss": 1.6856578035793728, "_timestamp": 1679777031.335192, "_runtime": 1411.7928190231323, "_step": 14821, "valid_loss": 3789.0777994791665, "bleu": 14.89035570130014, "_wandb": {"runtime": 1410}}