{"train_loss": 3.8207707593169955, "_timestamp": 1680088422.6513083, "_runtime": 368.99131321907043, "_step": 3067, "valid_loss": 4.231314809698808, "_wandb": {"runtime": 378}}