{"train_loss": 1.0800738526295788, "_timestamp": 1679836544.0641894, "_runtime": 1440.3332583904266, "_step": 14833, "valid_loss": 0.0016916390432725227, "bleu": 12.62365496524726, "_wandb": {"runtime": 1720}}