{"train_loss": 2.579790666475124, "_timestamp": 1679765699.03019, "_runtime": 1404.6019990444183, "_step": 14821, "valid_loss": 5798.939453125, "bleu": 14.430011081358899, "_wandb": {"runtime": 1403}}