{"train_loss": 2.604335174445905, "valid_loss": 3.3520492553710937, "_timestamp": 1679751987.9799995, "_runtime": 222.01850056648254, "_step": 1, "_wandb": {"runtime": 620}}