{"train_loss": 2.8851677830233897, "valid_loss": 2.6876100109469507, "_timestamp": 1679278013.7962658, "_runtime": 5533.772499799728, "_step": 13, "bleu": 6.712605518591825, "_wandb": {"runtime": 5811}}