{"train_loss": 1.963488322380617, "_timestamp": 1679902837.0950632, "_runtime": 1415.4154262542725, "_step": 14833, "valid_loss": 2.7952033996582033, "bleu": 15.09605879611526, "_wandb": {"runtime": 1414}}