{"train_loss": 3.4035933097286075, "_timestamp": 1679840987.721742, "_runtime": 1394.2642879486084, "_step": 14833, "valid_loss": 0.0013113385330193407, "bleu": 13.747811773890252, "_wandb": {"runtime": 1393}}