{"train_loss": 2.8925239600326265, "_timestamp": 1679843789.478023, "_runtime": 1395.3462171554565, "_step": 14833, "valid_loss": 0.0012701599707186939, "bleu": 16.260768381139336, "_wandb": {"runtime": 1394}}