{"train_loss": 1.3702066777634594, "_timestamp": 1680029028.362657, "_runtime": 2392.848526954651, "_step": 27332, "valid_loss": 3.8131076812744142, "bleu": 13.78614056102032, "_wandb": {"runtime": 2391}}