{"train_loss": 2.160322510381136, "_timestamp": 1679804904.0113103, "_runtime": 1413.2032482624054, "_step": 14833, "valid_loss": 2.94271240234375, "bleu": 14.318736386244543, "_wandb": {"runtime": 1412}}