{"train_loss": 1.9540000393927035, "_timestamp": 1679807741.127173, "_runtime": 1407.411442041397, "_step": 14833, "valid_loss": 3.0386463165283204, "bleu": 15.125461480270443, "_wandb": {"runtime": 1406}}