{"train_loss": 2.8421144075920246, "valid_loss": 2.863433345671623, "_timestamp": 1679395548.268917, "_runtime": 4664.186756134033, "_step": 13, "bleu": 7.2810210688685775, "_wandb": {"runtime": 4402}}