{"train_loss": 1.1450413999935118, "_timestamp": 1679827579.9533107, "_runtime": 1418.1798326969147, "_step": 14833, "valid_loss": 4.379303359985352, "bleu": 12.654806097873749, "_wandb": {"runtime": 1416}}