{"train_loss": 2.3134703349770134, "_timestamp": 1679849455.449144, "_runtime": 1419.6787128448486, "_step": 14833, "valid_loss": 0.0013213159775284902, "bleu": 14.635342678563152, "_wandb": {"runtime": 1418}}