{"train_loss": 2.8416866462387724, "_timestamp": 1680103206.4169223, "_runtime": 1435.8927524089813, "_step": 14832, "valid_loss": 3.8554237365722654, "bleu": 15.453427033833648, "_wandb": {"runtime": 1914}}