{"train_loss": 1.7644918196689405, "_timestamp": 1679775616.2043128, "_runtime": 1420.0095648765564, "_step": 14821, "valid_loss": 3966.2835286458335, "bleu": 14.828079801059472, "_wandb": {"runtime": 1418}}