{"train_loss": 2.6840655934858373, "_timestamp": 1679911600.1069734, "_runtime": 1389.871925354004, "_step": 14833, "valid_loss": 3.31402587890625, "bleu": 15.514726322512464, "_wandb": {"runtime": 1388}}