{"train_loss": 2.582267590074779, "_timestamp": 1679990183.8066916, "_runtime": 2005.920345544815, "_step": 22645, "valid_loss": 2.933584976196289, "bleu": 9.588237204741645, "_wandb": {"runtime": 2057}}