{"train_loss": 3.102070839667062, "_timestamp": 1679842390.1720288, "_runtime": 1399.3380918502808, "_step": 14833, "valid_loss": 0.0012827056744465326, "bleu": 15.417802616541039, "_wandb": {"runtime": 1398}}