{"train_loss": 2.8795683950022246, "_timestamp": 1679910206.9310484, "_runtime": 1380.1544783115387, "_step": 14833, "valid_loss": 3.298442840576172, "bleu": 15.968718445506907, "_wandb": {"runtime": 1379}}