{"train_loss": 1.111436599760863, "_timestamp": 1679829012.5458066, "_runtime": 1429.3773517608643, "_step": 14833, "valid_loss": 4.4240470886230465, "bleu": 12.437887859126434, "_wandb": {"runtime": 6556}}