{"train_loss": 2.6144179964431387, "_timestamp": 1680005530.418713, "_runtime": 2007.9766430854797, "_step": 22645, "valid_loss": 2.9285316467285156, "bleu": 12.299783880419554, "_wandb": {"runtime": 2313}}