{"train_loss": 2.87472951769933, "_timestamp": 1679988172.890655, "_runtime": 1995.726338148117, "_step": 22645, "valid_loss": 2.982878494262695, "bleu": 10.56178459753447, "_wandb": {"runtime": 1994}}