{"train_loss": 1.3011434601160463, "_timestamp": 1679869285.0430787, "_runtime": 1418.5890686511993, "_step": 14833, "valid_loss": 0.0018093058781154994, "bleu": 12.119456772869992, "_wandb": {"runtime": 1417}}