{"train_loss": 3.882337164343984, "_timestamp": 1680001498.6794317, "_runtime": 2042.6687126159668, "_step": 22645, "valid_loss": 3.3873531341552736, "bleu": 8.453058031950778, "_wandb": {"runtime": 2058}}