{"train_loss": 3.449221935938311, "_timestamp": 1679762880.1476395, "_runtime": 1451.6438665390015, "_step": 14821, "valid_loss": 7753.276041666667, "bleu": 14.4430625417861, "_wandb": {"runtime": 1450}}