{"train_loss": 1.4945445450374462, "_timestamp": 1679863605.8633387, "_runtime": 1404.9767656326294, "_step": 14833, "valid_loss": 0.001680309086901028, "bleu": 12.2108659899908, "_wandb": {"runtime": 1403}}