{"train_loss": 3.64138836722711, "_timestamp": 1680055103.6714272, "_runtime": 1410.098479270935, "_step": 14946, "valid_loss": 3.518683503803454, "bleu": 15.867771667479984, "_wandb": {"runtime": 1408}}