{"train_loss": 3.2907139704777646, "valid_loss": 4.39552116394043, "_timestamp": 1679474940.4097297, "_runtime": 6835.750637769699, "_step": 13, "bleu": 5.910864648749719, "_wandb": {"runtime": 4062}}