{"train_loss": 1.2173462004578823, "_timestamp": 1679824732.818318, "_runtime": 1423.8553838729858, "_step": 14833, "valid_loss": 4.164386367797851, "bleu": 13.913189717521625, "_wandb": {"runtime": 1422}}