{"train_loss": 1.6299071432874832, "_timestamp": 1679813384.3218036, "_runtime": 1403.0290966033936, "_step": 14833, "valid_loss": 3.3767799377441405, "bleu": 14.629754455203313, "_wandb": {"runtime": 1401}}