{"train_loss": 3.15869140625, "valid_loss": 3.199494392641129, "_timestamp": 1679390849.9707808, "_runtime": 4793.340265750885, "_step": 13, "bleu": 5.802503123869224, "_wandb": {"runtime": 4392}}