{"train_loss": 2.8529570720879365, "valid_loss": 9.745719909667969, "_timestamp": 1679672800.3969903, "_runtime": 1396.5440082550049, "_step": 3, "bleu": 14.873429031785323, "_wandb": {"runtime": 1463}}