{"train_loss": 4.17551347321155, "_timestamp": 1679761108.5079844, "_runtime": 302.866854429245, "_step": 1435, "valid_loss": 1201.365478515625, "_wandb": {"runtime": 463}}