{"train_loss": 3.0568154925949003, "valid_loss": 2.9219874720419607, "_timestamp": 1679294090.562775, "_runtime": 5301.529065847397, "_step": 13, "bleu": 6.93864289304339, "_wandb": {"runtime": 4451}}