{"train_loss": 2.3868509776692513, "_timestamp": 1680050376.5295513, "_runtime": 1414.4505712985992, "_step": 14946, "valid_loss": 2.841064453125, "bleu": 13.627546367812533, "_wandb": {"runtime": 1413}}