{"train_loss": 4.601500804074596, "_timestamp": 1679906028.8262103, "_runtime": 1442.2228682041168, "_step": 14833, "valid_loss": 3.9098274230957033, "bleu": 13.357371375517785, "_wandb": {"runtime": 1441}}