{"train_loss": 5.058574452657186, "_timestamp": 1680093146.12349, "_runtime": 1477.461091041565, "_step": 14832, "valid_loss": 4.436740875244141, "bleu": 13.265889009613744, "_wandb": {"runtime": 1476}}