{"train_loss": 4885.79833984375, "valid_loss": 253.37290954589844, "_timestamp": 1678887640.680912, "_runtime": 368.3894159793854, "_step": 0, "_wandb": {"runtime": 332}}