{"train_loss": 3.5867555903817365, "_timestamp": 1680096630.2815826, "_runtime": 1431.5669295787811, "_step": 14832, "valid_loss": 3.8792579650878904, "bleu": 15.212289449467345, "_wandb": {"runtime": 1430}}