{"train_loss": 3.0156946182250977, "valid_loss": 6.61435079574585, "_timestamp": 1679666698.877479, "_runtime": 1339.0552101135254, "_step": 3, "bleu": 16.20007340751675, "_wandb": {"runtime": 1337}}