{"train_loss": 3.7257248773914733, "_timestamp": 1679986172.542842, "_runtime": 2049.0865409374237, "_step": 22645, "valid_loss": 3.306327056884766, "bleu": 7.407516792373271, "_wandb": {"runtime": 2047}}