{"train_loss": 2.5033771388172967, "_timestamp": 1680019300.7067277, "_runtime": 2400.820553779602, "_step": 27332, "valid_loss": 3.1285211563110353, "bleu": 12.87163623720789, "_wandb": {"runtime": 2468}}