{"train_loss": 1.3445746399043452, "_timestamp": 1679867861.998299, "_runtime": 1412.9244787693024, "_step": 14833, "valid_loss": 0.001764521371817953, "bleu": 12.991915572368603, "_wandb": {"runtime": 1411}}