{"train_loss": 4.114600600551934, "valid_loss": 0.14531837972005207, "valid_bleu": 0.02855531003127268, "_timestamp": 1678923568.390768, "_runtime": 1146.3486721515656, "_step": 0, "_wandb": {"runtime": 1112}}