{"train_loss": 2.990682014876497, "_timestamp": 1680100924.335586, "_runtime": 1424.521998167038, "_step": 14832, "valid_loss": 3.8178726196289063, "bleu": 15.80126866248827, "_wandb": {"runtime": 1423}}