{"train_loss": 2.555961680168323, "_timestamp": 1679800650.4215837, "_runtime": 1408.8395247459412, "_step": 14833, "valid_loss": 2.826032257080078, "bleu": 14.636951285062924, "_wandb": {"runtime": 1407}}