{"train_loss": 1.5511404187676108, "_timestamp": 1679862196.9005392, "_runtime": 1411.3663091659546, "_step": 14833, "valid_loss": 0.0016263616415649214, "bleu": 12.345578008397512, "_wandb": {"runtime": 1410}}