{"train_loss": 3.978643689184132, "_timestamp": 1680094582.5669944, "_runtime": 1432.5089364051819, "_step": 14832, "valid_loss": 4.050009918212891, "bleu": 14.79683219589306, "_wandb": {"runtime": 1431}}