{"train_loss": 4.810218927080227, "_timestamp": 1680053690.7618434, "_runtime": 1427.66188955307, "_step": 14946, "valid_loss": 4.088561369243421, "bleu": 13.02597938547699, "_wandb": {"runtime": 1426}}