{"train_loss": 4550.47509765625, "valid_loss": 356.9422607421875, "_timestamp": 1678864294.5187573, "_runtime": 398.70826029777527, "_step": 2}