{"train_loss": 3.182008474220847, "_timestamp": 1680045340.170728, "_runtime": 1418.1820759773254, "_step": 14946, "valid_loss": 3.060007838199013, "bleu": 12.935199623398114, "_wandb": {"runtime": 1484}}