{"train_loss": 1.7023908764181372, "_timestamp": 1679811978.6501093, "_runtime": 1410.8129262924194, "_step": 14833, "valid_loss": 3.280710983276367, "bleu": 14.191084738086806, "_wandb": {"runtime": 1409}}