{"train_loss": 4.522978913808743, "_timestamp": 1680090450.035952, "_runtime": 1478.9898700714111, "_step": 14947, "valid_loss": 4.399865286690848, "bleu": 14.511654378360543, "_wandb": {"runtime": 1477}}