{"train_loss": 2.3931148505857927, "_timestamp": 1679898499.3255112, "_runtime": 1417.9626162052155, "_step": 14833, "valid_loss": 2.7039981842041017, "bleu": 15.610060735703323, "_wandb": {"runtime": 1416}}