{"train_loss": 7.765650742718963, "_timestamp": 1680088963.6729536, "_runtime": 59.02471470832825, "_step": 149, "valid_loss": 10.50245475769043, "_wandb": {"runtime": 56}}