{"train_loss": 12.128564834594727, "valid_loss": 860.7320556640625, "_timestamp": 1678857108.5601285, "_runtime": 231.5231864452362, "_step": 4, "_wandb": {"runtime": 6858}}