{"train_loss": 3.3808334259215944, "valid_loss": 3.2213177196482286, "_timestamp": 1679063703.641509, "_runtime": 9813.146670103073, "_step": 13, "bleu": 5.550921487837695, "_wandb": {"runtime": 5694}}