{"train_loss": 2.251251502257939, "_timestamp": 1680009858.9219582, "_runtime": 2006.972801208496, "_step": 22645, "valid_loss": 2.9053382873535156, "bleu": 12.774503609761984, "_wandb": {"runtime": 3301}}