{"train_loss": 1.0243124669796455, "_timestamp": 1679877677.2872868, "_runtime": 1423.0568068027496, "_step": 14833, "valid_loss": 4.383731079101563, "bleu": 12.818149215273674, "_wandb": {"runtime": 1455}}