{"train_loss": 4.368690061283683, "_timestamp": 1680105272.7225304, "_runtime": 1570.6219754219055, "_step": 14832, "valid_loss": 3.825163650512695, "bleu": 12.794616311609039, "_wandb": {"runtime": 1569}}