{"train_loss": 4.788352722841485, "_timestamp": 1680088049.593211, "_runtime": 1491.3931879997253, "_step": 14946, "valid_loss": 4.085812217310855, "bleu": 0.32100729555094204, "_wandb": {"runtime": 1490}}