{"train_loss": 1.564360291459662, "_timestamp": 1679814797.327178, "_runtime": 1408.6889429092407, "_step": 14833, "valid_loss": 3.530634307861328, "bleu": 14.503086156456767, "_wandb": {"runtime": 1407}}