{"train_loss": 2.767925783140731, "valid_loss": 3.3444905962262834, "_timestamp": 1679554770.2546186, "_runtime": 4111.431142568588, "_step": 4, "bleu": 7.126514100745812, "_wandb": {"runtime": 4155}}