{"train_loss": 1.0534842846285037, "_timestamp": 1679876249.0974936, "_runtime": 1466.3486306667328, "_step": 14833, "valid_loss": 4.277515029907226, "bleu": 12.578611983797398, "_wandb": {"runtime": 1465}}