{"train_loss": 1.7803154370736318, "_timestamp": 1679810565.1153824, "_runtime": 1404.679990530014, "_step": 14833, "valid_loss": 3.183157730102539, "bleu": 15.624768359049702, "_wandb": {"runtime": 1403}}