{"train_loss": 1.909386933671956, "_timestamp": 1679855104.0094244, "_runtime": 1405.7297575473785, "_step": 14833, "valid_loss": 0.0014542058192002355, "bleu": 13.1738938414187, "_wandb": {"runtime": 1404}}