{"train_loss": 1878.365234375, "valid_loss": 98.10462188720703, "_timestamp": 1678686933.7841332, "_runtime": 571.3314871788025, "_step": 2, "_wandb": {"runtime": 671}}