{"train_loss": 3.1709345977280976, "valid_loss": 3.6208910260881697, "_timestamp": 1679550362.4628274, "_runtime": 2227.0209555625916, "_step": 3, "_wandb": {"runtime": 2215}}