{"train_loss": 3.272288958231608, "valid_loss": 7.31623649597168, "_timestamp": 1679665356.202038, "_runtime": 1398.746996164322, "_step": 3, "bleu": 12.483357000982279, "_wandb": {"runtime": 1397}}