{"train_loss": 2.734453785407089, "_timestamp": 1679799238.825799, "_runtime": 1412.6002628803253, "_step": 14833, "valid_loss": 2.885231781005859, "bleu": 14.421284875989533, "_wandb": {"runtime": 1411}}