{"train_loss": 2.458744703230371, "valid_loss": 3.450910840715681, "_timestamp": 1679569832.2325454, "_runtime": 2222.066224336624, "_step": 3, "_wandb": {"runtime": 2201}}