{"bleu": 12.554791999518955, "_timestamp": 1679571993.3760273, "_runtime": 1640.8215153217316, "_step": 0, "_wandb": {"runtime": 1679}}