{"train_loss": 3.671236896133027, "_timestamp": 1679796411.889952, "_runtime": 1457.505192041397, "_step": 14833, "valid_loss": 3.196664810180664, "bleu": 13.926664500469355, "_wandb": {"runtime": 1456}}