{"train_loss": 1.863375242149266, "_timestamp": 1679809156.9411702, "_runtime": 1411.8547632694244, "_step": 14833, "valid_loss": 3.1630992889404297, "bleu": 12.487204359648324, "_wandb": {"runtime": 1410}}