{"train_loss": 3.056740228383819, "valid_loss": 2.87334712859123, "_timestamp": 1679067117.2569783, "_runtime": 3282.991597175598, "_step": 12}