{"train_loss": 1.826032117798087, "_timestamp": 1679856521.5215402, "_runtime": 1413.8216862678528, "_step": 14833, "valid_loss": 0.0014961496687211217, "bleu": 13.07536862577654, "_wandb": {"runtime": 1412}}