{"train_loss": 2.105514083288822, "_timestamp": 1679997106.8809855, "_runtime": 2010.4656574726105, "_step": 22645, "valid_loss": 2.934857177734375, "bleu": 9.693002188540026, "_wandb": {"runtime": 2009}}