{"train_loss": 1.612846514235931, "_timestamp": 1679778443.372196, "_runtime": 1408.3755159378052, "_step": 14821, "valid_loss": 3625.41015625, "bleu": 13.583269581335257, "_wandb": {"runtime": 1407}}