{"train_loss": 1.5452327936160748, "_timestamp": 1679779860.4159558, "_runtime": 1413.7538087368011, "_step": 14821, "valid_loss": 3473.42578125, "bleu": 13.288207675363134, "_wandb": {"runtime": 1412}}