{"train_loss": 3.2968832162710338, "valid_loss": 4.29523195539202, "_timestamp": 1679457941.5312476, "_runtime": 7400.995082616806, "_step": 13, "bleu": 5.80906700895572, "_wandb": {"runtime": 5297}}