{"train_loss": 2.362705855841243, "_timestamp": 1679914408.6697133, "_runtime": 1401.3110761642456, "_step": 14833, "valid_loss": 3.4743270874023438, "bleu": 14.060323793989644, "_wandb": {"runtime": 1431}}