{"train_loss": 5279.78759765625, "valid_loss": 267.19970703125, "_timestamp": 1678884774.0801065, "_runtime": 881.3421275615692, "_step": 0, "_wandb": {"runtime": 403}}