{"train_loss": 1.4824259298305775, "_timestamp": 1679781293.6889694, "_runtime": 1429.603113412857, "_step": 14821, "valid_loss": 3332.2464192708335, "bleu": 13.312305685039721, "_wandb": {"runtime": 1428}}