{"train_loss": 2.5143653024432746, "_timestamp": 1679913002.625568, "_runtime": 1398.8729360103607, "_step": 14833, "valid_loss": 3.3813819885253906, "bleu": 14.390455892619766, "_wandb": {"runtime": 1397}}