{"train_loss": 1.9430914665511234, "_timestamp": 1679772776.8486533, "_runtime": 1413.4349203109741, "_step": 14821, "valid_loss": 4367.745768229167, "bleu": 14.84737096407044, "_wandb": {"runtime": 1412}}