{"train_loss": 3.0257578263659988, "valid_loss": 3.9766270773751393, "_timestamp": 1679461111.6470318, "_runtime": 1722.9997158050537, "_step": 2, "_wandb": {"runtime": 1908}}