{"train_loss": 9.821609497070312, "valid_loss": 730.9720458984375, "_timestamp": 1678850390.4339252, "_runtime": 43.12417006492615, "_step": 2, "_wandb": {"runtime": 43}}