{"train_loss": 9.587536811828613, "valid_loss": 632.299560546875, "_timestamp": 1678849827.4006615, "_runtime": 59.477200508117676, "_step": 2, "_wandb": {"runtime": 60}}