{"train_loss": 17246.34765625, "valid_loss": 20.444189071655273, "_timestamp": 1679663227.975953, "_runtime": 3498.5888481140137, "_step": 8, "bleu": 14.921610990815127, "_wandb": {"runtime": 3991}}