{"train_loss": 2.758972712925502, "valid_loss": 3.921910422188895, "_timestamp": 1679488571.3996632, "_runtime": 4707.188584327698, "_step": 13, "bleu": 5.92434407599786, "_wandb": {"runtime": 4285}}