{"train_loss": 2.2008858434209553, "_timestamp": 1679850883.944502, "_runtime": 1424.762540102005, "_step": 14833, "valid_loss": 0.0013608956538515348, "bleu": 13.33117484944422, "_wandb": {"runtime": 1423}}