{"train_loss": 1.3200658794116558, "_timestamp": 1679785548.918555, "_runtime": 1414.5090370178223, "_step": 14821, "valid_loss": 2967.2880859375, "bleu": 12.973173915654364, "_wandb": {"runtime": 1413}}