{"train_loss": 3.0959265572684154, "valid_loss": 4.209810529436384, "_timestamp": 1679483834.2898722, "_runtime": 4419.756018161774, "_step": 13, "bleu": 5.136495464448618, "_wandb": {"runtime": 4286}}