{"train_loss": 1.3914284952914133, "_timestamp": 1679866445.1392815, "_runtime": 1417.434772491455, "_step": 14833, "valid_loss": 0.0017412376036086033, "bleu": 12.082808410633788, "_wandb": {"runtime": 1416}}