{"train_loss": 2.7667137099189993, "valid_loss": 2.6020729311050905, "_timestamp": 1679299684.257916, "_runtime": 5569.425880908966, "_step": 13, "bleu": 7.703930043828854, "_wandb": {"runtime": 5578}}