{"train_loss": 2.4366524775693312, "_timestamp": 1679848031.61557, "_runtime": 1405.25066614151, "_step": 14833, "valid_loss": 0.001310802789535647, "bleu": 14.611113464911737, "_wandb": {"runtime": 1404}}