{"train_loss": 1.991130418750607, "_timestamp": 1679999118.5760405, "_runtime": 2007.465936422348, "_step": 22645, "valid_loss": 2.99249382019043, "bleu": 9.825310874492779, "_wandb": {"runtime": 2143}}