{"train_loss": 9.28807808148979, "valid_loss": 0.25235306803385416, "_timestamp": 1679018805.018209, "_runtime": 83.8475079536438, "_step": 0, "_wandb": {"runtime": 1898}}