{"train_loss": 2.9915354928258937, "_timestamp": 1679797821.805484, "_runtime": 1406.9687850475311, "_step": 14833, "valid_loss": 2.940734100341797, "bleu": 13.130022006321585, "_wandb": {"runtime": 1405}}