{"train_loss": 3.2612805573836616, "valid_loss": 4.439816066196987, "_timestamp": 1679578665.7727475, "_runtime": 1858.0755395889282, "_step": 12, "_wandb": {"runtime": 2377}}