{"train_loss": 3.1836199906151212, "_timestamp": 1679884766.172978, "_runtime": 491.37045192718506, "_step": 5137, "valid_loss": 3.451618194580078, "_wandb": {"runtime": 502}}