{"train_loss": 3.7791905556955645, "valid_loss": 0.49758284505208333, "valid_bleu": 0.05794993142938828, "_timestamp": 1678929640.003178, "_runtime": 670.0447568893433, "_step": 2}