{"train_loss": 2.7483148033145484, "_timestamp": 1679918946.9805276, "_runtime": 1414.3838095664978, "_step": 14833, "valid_loss": 2.9060766220092775, "bleu": 15.36317005856255, "_wandb": {"runtime": 1413}}