{"train_loss": 2.0005173188862524, "_timestamp": 1679853694.7653086, "_runtime": 1401.805962562561, "_step": 14833, "valid_loss": 0.0014166467783448605, "bleu": 12.73604866277128, "_wandb": {"runtime": 1400}}