{"train_loss": 5.129180001740409, "valid_loss": 0.1782249755859375, "valid_bleu": 0.01267227084377257, "_timestamp": 1678892226.018897, "_runtime": 1759.2684659957886, "_step": 5, "_wandb": {"runtime": 918}}