{"train_loss": 2.5330501886215333, "_timestamp": 1679920350.863479, "_runtime": 1400.7958748340607, "_step": 14833, "valid_loss": 2.8293811798095705, "bleu": 14.373755070541872, "_wandb": {"runtime": 1399}}