{"train_loss": 2.1620320435882703, "valid_loss": 3.6186294555664062, "_timestamp": 1679751686.4469373, "_runtime": 1682.1858603954315, "_step": 3, "bleu": 14.371278404845373, "_wandb": {"runtime": 1444}}