{"train_loss": 1.6125529194627761, "_timestamp": 1679860782.6225214, "_runtime": 1420.447020292282, "_step": 14833, "valid_loss": 0.0015929234977223197, "bleu": 12.152087480926948, "_wandb": {"runtime": 1419}}