{"train_loss": 18.694364547729492, "valid_loss": 604.7227783203125, "_timestamp": 1678850199.9975302, "_runtime": 60.34912633895874, "_step": 2, "_wandb": {"runtime": 60}}