{"train_loss": 3.084275185840872, "_timestamp": 1679917529.5905707, "_runtime": 1410.330373764038, "_step": 14833, "valid_loss": 2.9684480667114257, "bleu": 14.244655192622018, "_wandb": {"runtime": 1409}}