{"train_loss": 2.936112308196562, "_timestamp": 1680003518.5884874, "_runtime": 1998.789926290512, "_step": 22645, "valid_loss": 3.0347360610961913, "bleu": 11.417209435302187, "_wandb": {"runtime": 1997}}