{"train_loss": 1.7706544380699933, "valid_loss": 3.9903167724609374, "_timestamp": 1679758904.8878818, "_runtime": 1403.3063006401062, "_step": 3, "bleu": 13.729632128852561, "_wandb": {"runtime": 1732}}