{"train_loss": 2.0512092052241857, "_timestamp": 1680021788.2031286, "_runtime": 2415.431179523468, "_step": 27332, "valid_loss": 3.292594146728516, "bleu": 14.744024576146035, "_wandb": {"runtime": 2414}}