{"train_loss": 3.672838944655198, "valid_loss": 4.796855381556919, "_timestamp": 1679468083.30878, "_runtime": 5419.37251496315, "_step": 13, "bleu": 5.655133597996912, "_wandb": {"runtime": 4104}}