{"train_loss": 11.428011894226074, "_timestamp": 1678675013.5536094, "_runtime": 36.501007318496704, "_step": 0, "_wandb": {"runtime": 52}}