{"train_loss": 1.153096862372099, "_timestamp": 1679791530.4160144, "_runtime": 1423.362758398056, "_step": 14821, "valid_loss": 3.366980234781901, "bleu": 11.183666296580684, "_wandb": {"runtime": 1422}}