{"train_loss": 2.6046331496465776, "valid_loss": 3.7425054822649275, "_timestamp": 1679492984.8927786, "_runtime": 4402.060698747635, "_step": 13, "bleu": 6.7830565808438905, "_wandb": {"runtime": 4282}}