{"train_loss": 3.7349654054330066, "valid_loss": 0.12182177734375, "valid_bleu": 0.017615630241552525, "_timestamp": 1678926929.5287924, "_runtime": 3056.911465406418, "_step": 7, "_wandb": {"runtime": 3939}}