{"train_loss": 2.565159989654787, "_timestamp": 1680048259.1684294, "_runtime": 1422.1034042835236, "_step": 14946, "valid_loss": 2.846495939555921, "bleu": 15.380698922345207, "_wandb": {"runtime": 2119}}