{"bleu": 7.086088582230741, "_timestamp": 1679272438.063473, "_runtime": 1320.6129488945007, "_step": 0, "_wandb": {"runtime": 1183}}