{"train_loss": 2.08668923662601, "valid_loss": 3.6894203186035157, "_timestamp": 1679753926.3037546, "_runtime": 1468.2728476524353, "_step": 3, "bleu": 15.356257003150933, "_wandb": {"runtime": 1442}}