{"train_loss": 1.8473469014162835, "_timestamp": 1679904267.7010458, "_runtime": 1426.4523417949677, "_step": 14833, "valid_loss": 2.833993339538574, "bleu": 13.699249222452307, "_wandb": {"runtime": 1452}}