{"train_loss": 1.3458521510733352, "_timestamp": 1679820457.90959, "_runtime": 1407.5055260658264, "_step": 14833, "valid_loss": 3.845792770385742, "bleu": 11.892606334535113, "_wandb": {"runtime": 1406}}