{"train_loss": 2.2338026930174473, "_timestamp": 1680051787.4606922, "_runtime": 1408.0018482208252, "_step": 14946, "valid_loss": 2.852752685546875, "bleu": 14.882062876192894, "_wandb": {"runtime": 1857}}