{"train_loss": 3.1049637427696815, "valid_loss": 4.4017230442592075, "_timestamp": 1679479230.8646848, "_runtime": 4264.486685752869, "_step": 13, "bleu": 6.281029982041767, "_wandb": {"runtime": 4055}}