{"train_loss": 3.1255532357630136, "_timestamp": 1679908822.5822763, "_runtime": 1389.189114332199, "_step": 14833, "valid_loss": 3.364925765991211, "bleu": 15.0031793803259, "_wandb": {"runtime": 1388}}