{"train_loss": 2.611281880571798, "valid_loss": 2.5082636187153478, "_timestamp": 1679304272.251737, "_runtime": 4568.715467214584, "_step": 13, "bleu": 7.143688857604503, "_wandb": {"runtime": 4460}}