{"train_loss": 4.175873285117805, "_timestamp": 1680043918.6097066, "_runtime": 1462.2096955776215, "_step": 14946, "valid_loss": 3.585232062088816, "bleu": 11.97778647886281, "_wandb": {"runtime": 1461}}