{"train_loss": 1.7437941698371788, "_timestamp": 1680024210.55887, "_runtime": 2418.9357290267944, "_step": 27332, "valid_loss": 3.4481693267822267, "bleu": 14.167709715291995, "_wandb": {"runtime": 2417}}