{"train_loss": 2.285138148077779, "valid_loss": 3.492110824584961, "_timestamp": 1679749551.1810563, "_runtime": 3347.9287922382355, "_step": 7, "bleu": 15.66533575829713, "_wandb": {"runtime": 2835}}