{"train_loss": 2.407752570953211, "_timestamp": 1679802069.0282474, "_runtime": 1415.0827734470367, "_step": 14833, "valid_loss": 2.847987937927246, "bleu": 15.470834487589862, "_wandb": {"runtime": 1413}}