{"train_loss": 2.2756295703733223, "_timestamp": 1679768511.1405787, "_runtime": 1401.8580718040466, "_step": 14821, "valid_loss": 5115.236002604167, "bleu": 15.417413753086707, "_wandb": {"runtime": 1400}}