{"train_loss": 11.368391990661621, "valid_loss": 776.9735717773438, "_timestamp": 1678850616.2570722, "_runtime": 43.252018213272095, "_step": 2, "_wandb": {"runtime": 64}}