{"train_loss": 3.0954392464013547, "valid_loss": 4.037878581455776, "_timestamp": 1679535159.6361105, "_runtime": 1645.8126225471497, "_step": 0}