{"train_loss": 3.1537960212387723, "_timestamp": 1680099496.2089899, "_runtime": 1434.792070865631, "_step": 14832, "valid_loss": 3.7868762969970704, "bleu": 15.564714630085641, "_wandb": {"runtime": 1433}}