{"train_loss": 1.3702694608697263, "_timestamp": 1679784129.970024, "_runtime": 1414.9492790699005, "_step": 14821, "valid_loss": 3080.1373697916665, "bleu": 13.133126963545013, "_wandb": {"runtime": 1413}}