{"train_loss": 2.359682755496441, "_timestamp": 1679921772.8140943, "_runtime": 1417.3303072452545, "_step": 14833, "valid_loss": 2.846582221984863, "bleu": 14.941904659744669, "_wandb": {"runtime": 1416}}