{"train_loss": 2.935221548333582, "_timestamp": 1680057909.8099825, "_runtime": 1397.8735074996948, "_step": 14946, "valid_loss": 3.2805558054070723, "bleu": 14.070469806042802, "_wandb": {"runtime": 1396}}