{"eval/loss": 0.34677854180336, "eval/runtime": 2.7037, "eval/samples_per_second": 37.356, "eval/steps_per_second": 18.863, "train/epoch": 0.99, "train/global_step": 31, "_timestamp": 1680064192.856498, "_runtime": 794.7495360374451, "_step": 3, "train/train_runtime": 51.9001, "train/train_samples_per_second": 19.287, "train/train_steps_per_second": 0.597, "train/total_flos": 1117960903065600.0, "train/train_loss": 1.3080684292700984}