{"train_loss": 3.697866943033516, "_timestamp": 1679794885.252678, "_runtime": 1202.1655259132385, "_step": 14817, "_wandb": {"runtime": 1223}}