{"train_loss": 2.272253666127178, "valid_loss": 3.089063916887556, "_timestamp": 1679567236.0602744, "_runtime": 3642.566107273102, "_step": 4, "bleu": 7.663115542921945, "_wandb": {"runtime": 3530}}