{"train_loss": 1.2479106420542874, "_timestamp": 1680031415.3978279, "_runtime": 2383.069219827652, "_step": 27332, "valid_loss": 3.8990234375, "bleu": 13.059519406856163, "_wandb": {"runtime": 3094}}