{"train_loss": 3.908480654232616, "_timestamp": 1680090865.4667785, "_runtime": 410.9767665863037, "_step": 5625, "valid_loss": 5.471724033355713}