{"train_loss": 1.749641989841317, "_timestamp": 1679857943.3320084, "_runtime": 1418.2361624240875, "_step": 14833, "valid_loss": 0.0015123768410024313, "bleu": 13.288160234758656, "_wandb": {"runtime": 1417}}