{"train_loss": 4.030230424143556, "_timestamp": 1679916115.5909555, "_runtime": 1442.8048384189606, "_step": 14833, "valid_loss": 3.4226139068603514, "bleu": 14.201647810574995, "_wandb": {"runtime": 1441}}