{"train_loss": 2.854874928792318, "valid_loss": 6.413970947265625, "_timestamp": 1679668048.9064314, "_runtime": 1345.6882274150848, "_step": 3, "bleu": 14.325777491173701, "_wandb": {"runtime": 1349}}