{"train_loss": 3.3429947721744013, "_timestamp": 1680098056.7552981, "_runtime": 1423.671706199646, "_step": 14832, "valid_loss": 3.808502960205078, "bleu": 15.864590281674301, "_wandb": {"runtime": 1422}}