{"train_loss": 1.2308260095369614, "_timestamp": 1679788391.546004, "_runtime": 1418.4246621131897, "_step": 14821, "valid_loss": 2766.6917317708335, "bleu": 13.647722483215196, "_wandb": {"runtime": 1417}}