{"train_loss": 2.0857363349963607, "_timestamp": 1680012059.7276938, "_runtime": 901.5834677219391, "_step": 10288, "valid_loss": 2.793061065673828, "_wandb": {"runtime": 989}}