{"train_loss": 5.060296325819368, "_timestamp": 1679886585.7560596, "_runtime": 1440.8059186935425, "_step": 14833, "valid_loss": 4.2699840545654295, "bleu": 12.498165474827825, "_wandb": {"runtime": 1439}}