{"train_loss": 2.8185306915919033, "_timestamp": 1679764290.7736998, "_runtime": 1407.7553808689117, "_step": 14821, "valid_loss": 6335.587239583333, "bleu": 14.521370427525396, "_wandb": {"runtime": 1406}}