{"train_loss": 2.692834210542082, "valid_loss": 2.6166123420961442, "_timestamp": 1679445050.9390006, "_runtime": 6117.8180866241455, "_step": 13, "bleu": 7.858311478580364, "_wandb": {"runtime": 4373}}