{"train_loss": 2.9500892359856694, "valid_loss": 3.4943809509277344, "_timestamp": 1679538879.0823262, "_runtime": 3439.7605741024017, "_step": 4, "bleu": 8.177096551102549, "_wandb": {"runtime": 3371}}