{"train_loss": 2.5484894478309537, "valid_loss": 3.206601551600865, "_timestamp": 1679559808.8993425, "_runtime": 4987.502582550049, "_step": 4, "bleu": 7.608736253029364, "_wandb": {"runtime": 3502}}