{"train_loss": 2.1541383021613405, "_timestamp": 1679769934.0469093, "_runtime": 1419.3993372917175, "_step": 14821, "valid_loss": 4842.143880208333, "bleu": 14.662485940166393, "_wandb": {"runtime": 1418}}