{"train_loss": 2.431144156998503, "_timestamp": 1680114522.4691386, "_runtime": 1558.622805595398, "_step": 14832, "valid_loss": 3.342635726928711, "bleu": 15.27374404713404}