{"train_loss": 7233.484375, "valid_loss": 316.11175537109375, "_timestamp": 1678888925.7904902, "_runtime": 566.7409112453461, "_step": 0, "_wandb": {"runtime": 717}}