{"train_loss": 3.802495411908646, "_timestamp": 1679887986.7164862, "_runtime": 1397.2939372062683, "_step": 14833, "valid_loss": 3.7712242126464846, "bleu": 12.73099546669987, "_wandb": {"runtime": 1396}}