{"train_loss": 3.6688191340519833, "valid_loss": 4.6605715070452005, "_timestamp": 1679450516.1962657, "_runtime": 4504.463354587555, "_step": 13, "bleu": 5.93316127976582, "_wandb": {"runtime": 4035}}