{"train_loss": 102.59164428710938, "valid_loss": 349.2913513183594, "_timestamp": 1678849528.5228503, "_runtime": 843.9098932743073, "_step": 2, "_wandb": {"runtime": 369}}