{"train_loss": 2.0908702775100103, "_timestamp": 1679901355.1103327, "_runtime": 1424.8772888183594, "_step": 14833, "valid_loss": 2.742145538330078, "bleu": 15.512508227057777, "_wandb": {"runtime": 1423}}