{"train_loss": 2.2362440971885014, "_timestamp": 1679995055.2078114, "_runtime": 2817.829748392105, "_step": 22645, "valid_loss": 2.902530860900879, "bleu": 9.637722644100897, "_wandb": {"runtime": 2853}}