{"train_loss": 2.8859436400636227, "_timestamp": 1680109861.4841926, "_runtime": 1535.1681694984436, "_step": 14832, "valid_loss": 3.223920440673828, "bleu": 15.334414878551058, "_wandb": {"runtime": 1534}}