{"train_loss": 3.6237284342447915, "valid_loss": 0.24513142903645832, "valid_bleu": 0.03774463894257993, "_timestamp": 1678928879.482222, "_runtime": 209.55509305000305, "_step": 0, "_wandb": {"runtime": 293}}