{"train_loss": 2.954357872711369, "valid_loss": 2.766473585559476, "_timestamp": 1679286942.3634686, "_runtime": 3185.954303741455, "_step": 12, "_wandb": {"runtime": 5025}}