{"train_loss": 2.7162822791916166, "_timestamp": 1680111408.4365916, "_runtime": 1543.5792245864868, "_step": 14832, "valid_loss": 3.2737300872802733, "bleu": 14.797693627806236, "_wandb": {"runtime": 1542}}