{"train_loss": 1.6786874756692125, "_timestamp": 1679859358.8909173, "_runtime": 1412.088003396988, "_step": 14833, "valid_loss": 0.0015769135646149682, "bleu": 12.579806658490849, "_wandb": {"runtime": 1410}}