{"train_loss": 3.8017171163614116, "_timestamp": 1679894117.6304498, "_runtime": 1456.5568988323212, "_step": 14833, "valid_loss": 3.1784786224365233, "bleu": 13.1809974869254, "_wandb": {"runtime": 1455}}