{"train_loss": 2.7302817672606623, "_timestamp": 1680059309.5612445, "_runtime": 1395.1806144714355, "_step": 14946, "valid_loss": 3.2903439170435855, "bleu": 16.2040596750176, "_wandb": {"runtime": 1394}}