{"train_loss": 1.300038871329527, "_timestamp": 1679821878.7918808, "_runtime": 1416.917291879654, "_step": 14833, "valid_loss": 3.990054702758789, "bleu": 13.494971267097396, "_wandb": {"runtime": 1415}}