{"train_loss": 3.277095960534137, "valid_loss": 4.2836488996233255, "_timestamp": 1679580499.4099848, "_runtime": 1308.9069797992706, "_step": 12}