{"train_loss": 3.471926905679964, "_timestamp": 1679884204.8613102, "_runtime": 1407.5179963111877, "_step": 14833, "valid_loss": 3.588637924194336, "bleu": 13.925963982124287, "_wandb": {"runtime": 1406}}