{"train_loss": 1.4410566397560434, "_timestamp": 1679865023.2694476, "_runtime": 1413.0091376304626, "_step": 14833, "valid_loss": 0.0017063063647403008, "bleu": 13.181060545912302, "_wandb": {"runtime": 1411}}