{"train_loss": 2.581946341747953, "valid_loss": 3.3157176971435547, "_timestamp": 1679547872.444661, "_runtime": 4224.712327003479, "_step": 4, "bleu": 7.87032676728879, "_wandb": {"runtime": 4145}}