{"train_loss": 1.2737447982316306, "_timestamp": 1679786969.676256, "_runtime": 1417.893826007843, "_step": 14821, "valid_loss": 2863.166015625, "bleu": 14.786997625103398, "_wandb": {"runtime": 1416}}