{"train_loss": 1972.3870849609375, "valid_loss": 100.86941528320312, "_timestamp": 1678762470.2735517, "_runtime": 162.45518374443054, "_step": 2, "_wandb": {"runtime": 648}}