{"train_loss": 1.1805358913873647, "_timestamp": 1679826157.7023196, "_runtime": 1421.2682526111603, "_step": 14833, "valid_loss": 4.298749923706055, "bleu": 13.873612234885806, "_wandb": {"runtime": 1420}}