{"train_loss": 1.1868416928898486, "_timestamp": 1679873543.840869, "_runtime": 1420.9976539611816, "_step": 14833, "valid_loss": 0.0019279509964000572, "bleu": 11.340094000268532, "_wandb": {"runtime": 1441}}