{"train_loss": 2.7948149861131824, "_timestamp": 1680046833.241128, "_runtime": 1420.6763138771057, "_step": 14946, "valid_loss": 2.920724969161184, "bleu": 13.170232019640553, "_wandb": {"runtime": 1419}}