{"train_loss": 2.3894195897470136, "_timestamp": 1679992232.7797875, "_runtime": 1992.1066806316376, "_step": 22645, "valid_loss": 2.917317199707031, "bleu": 9.790749067292062, "_wandb": {"runtime": 1990}}