{"train_loss": 1.4244557548472603, "_timestamp": 1679782711.2098353, "_runtime": 1413.7155573368073, "_step": 14821, "valid_loss": 3201.9391276041665, "bleu": 13.62658127463049, "_wandb": {"runtime": 1412}}