{"train_loss": 2.737105235428709, "valid_loss": 3.405532564435686, "_timestamp": 1679543570.067133, "_runtime": 4651.511110067368, "_step": 4, "bleu": 8.805234825816724, "_wandb": {"runtime": 3376}}