{"train_loss": 12.47561264038086, "valid_loss": 879.12255859375, "_timestamp": 1678851351.8540437, "_runtime": 42.59697461128235, "_step": 2, "_wandb": {"runtime": 439}}