{"train_loss": 2.56694482129491, "_timestamp": 1680112959.9252143, "_runtime": 1546.6594052314758, "_step": 14832, "valid_loss": 3.2856765747070313, "bleu": 15.156907891353454, "_wandb": {"runtime": 1545}}