{"train_loss": 3.2000354160453326, "_timestamp": 1680056507.8493967, "_runtime": 1400.8819787502289, "_step": 14946, "valid_loss": 3.3405793842516447, "bleu": 16.27284935865524, "_wandb": {"runtime": 1399}}