{"train_loss": 1.6884375347556906, "valid_loss": 4.096268081665039, "_timestamp": 1679760633.7363386, "_runtime": 1393.5504915714264, "_step": 3, "bleu": 12.487726718103866, "_wandb": {"runtime": 1406}}