{"train_loss": 2.552679328679541, "_timestamp": 1680060709.113148, "_runtime": 1395.2850120067596, "_step": 14946, "valid_loss": 3.296742007606908, "bleu": 15.353147485390709, "_wandb": {"runtime": 1424}}