{"train_loss": 2.044546513540817, "_timestamp": 1679771359.5511482, "_runtime": 1421.4808452129364, "_step": 14821, "valid_loss": 4595.7998046875, "bleu": 15.499322287007825, "_wandb": {"runtime": 1420}}