{"train_loss": 2.097423948909981, "_timestamp": 1679852289.994268, "_runtime": 1402.352166891098, "_step": 14833, "valid_loss": 0.0013915676754517705, "bleu": 14.480468373935723, "_wandb": {"runtime": 1401}}