{"train_loss": 1.223009625722972, "_timestamp": 1679872119.3343742, "_runtime": 1415.9368181228638, "_step": 14833, "valid_loss": 0.0018697532439963783, "bleu": 10.7029792036418, "_wandb": {"runtime": 1414}}