{"train_loss": 154015.625, "valid_loss": 172.26817321777344, "_timestamp": 1678767683.050657, "_runtime": 4414.80939912796, "_step": 0, "_wandb": {"runtime": 7374}}