{"train_loss": 2.413461805813005, "_timestamp": 1679767106.50629, "_runtime": 1404.668391942978, "_step": 14821, "valid_loss": 5425.059895833333, "bleu": 16.360814888361, "_wandb": {"runtime": 1403}}