{"train_loss": 3.201529305854219, "_timestamp": 1679890873.5946236, "_runtime": 1413.3639876842499, "_step": 14833, "valid_loss": 3.5954856872558594, "bleu": 15.18612531200973, "_wandb": {"runtime": 1412}}