{"train_loss": 3.4373684272080838, "_timestamp": 1680106791.5466478, "_runtime": 1516.0045268535614, "_step": 14832, "valid_loss": 3.413299560546875, "bleu": 14.311494831849007, "_wandb": {"runtime": 1514}}