{"train_loss": 2.4109563161600467, "_timestamp": 1680007848.071559, "_runtime": 2006.8156869411469, "_step": 22645, "valid_loss": 2.8966196060180662, "bleu": 12.170133289721367, "_wandb": {"runtime": 2005}}