{"train_loss": 3.0266378675107517, "_timestamp": 1679892284.3688834, "_runtime": 1406.6863083839417, "_step": 14833, "valid_loss": 3.5550983428955076, "bleu": 14.217526014853515, "_wandb": {"runtime": 1752}}