{"train_loss": 1.860416222566175, "valid_loss": 3.871480941772461, "_timestamp": 1679757427.7769923, "_runtime": 1387.5962114334106, "_step": 3, "bleu": 14.938654197629164, "_wandb": {"runtime": 1392}}