{"train_loss": 3.098689827376497, "_timestamp": 1680108322.3687913, "_runtime": 1526.3977184295654, "_step": 14832, "valid_loss": 3.2970226287841795, "bleu": 16.767358368637094, "_wandb": {"runtime": 1525}}