{"train_loss": 3.23487616426757, "valid_loss": 3.6554102216448103, "_timestamp": 1679575766.4812236, "_runtime": 3556.105140686035, "_step": 1, "_wandb": {"runtime": 3696}}