{"train_loss": 2.741573772429006, "valid_loss": 6.799930572509766, "_timestamp": 1679671203.9684427, "_runtime": 1343.799949645996, "_step": 3, "bleu": 16.333984556424852, "_wandb": {"runtime": 1352}}